{"accuracy": [0.4201332926750183, 0.5, 0.6115835309028625, 0.71875, 0.7724661231040955], "loss": [1.2906267642974854, 1.0793635845184326, 0.9389646649360657, 0.7306075096130371, 0.6010980606079102], "val_accuracy": [0.4439338147640228, 0.2857142984867096, 0.48621323704719543, 0.7142857313156128, 0.5248161554336548], "val_loss": [1.2771282196044922, 1.5040453672409058, 1.2870922088623047, 0.7893808484077454, 1.3912028074264526]}